date,id,price,type
2020-06-23T22:20:02,4314,0.949,DIE
2020-06-23T22:20:02,218712,0.949,DIE
2020-06-23T22:20:02,224519,0.953,DIE
2020-06-23T22:20:02,1354761,0.954,DIE
2020-06-23T22:20:02,448795,0.968,DIE
2020-06-23T22:20:02,4314,0.999,SUP
2020-06-23T22:20:02,218712,0.999,SUP
2020-06-23T22:20:02,224519,1.003,SUP
2020-06-23T22:20:02,1354761,1.004,SUP
2020-06-23T22:20:02,448795,1.018,SUP
2020-06-23T23:20:01,4314,0.949,DIE
2020-06-23T23:20:01,218712,0.949,DIE
2020-06-23T23:20:01,224519,0.953,DIE
2020-06-23T23:20:01,1354761,0.954,DIE
2020-06-23T23:20:01,448795,0.968,DIE
2020-06-23T23:20:01,4314,0.999,SUP
2020-06-23T23:20:01,218712,0.999,SUP
2020-06-23T23:20:01,224519,1.003,SUP
2020-06-23T23:20:01,1354761,1.004,SUP
2020-06-23T23:20:01,448795,1.018,SUP
2020-06-24T00:20:02,4314,0.949,DIE
2020-06-24T00:20:02,218712,0.949,DIE
2020-06-24T00:20:02,224519,0.953,DIE
2020-06-24T00:20:02,1354761,0.954,DIE
2020-06-24T00:20:02,247819,0.969,DIE
2020-06-24T00:20:02,665614,0.969,DIE
2020-06-24T00:20:02,1354799,0.969,DIE
2020-06-24T00:20:02,4314,0.999,SUP
2020-06-24T00:20:02,218712,0.999,SUP
2020-06-24T00:20:02,224519,1.003,SUP
2020-06-24T00:20:02,1354761,1.004,SUP
2020-06-24T00:20:02,247819,1.019,SUP
2020-06-24T00:20:02,665614,1.019,SUP
2020-06-24T00:20:02,1354799,1.019,SUP
2020-06-24T01:20:02,4314,0.949,DIE
2020-06-24T01:20:02,218712,0.949,DIE
2020-06-24T01:20:02,224519,0.953,DIE
2020-06-24T01:20:02,1354761,0.954,DIE
2020-06-24T01:20:02,247819,0.969,DIE
2020-06-24T01:20:02,665614,0.969,DIE
2020-06-24T01:20:02,1354799,0.969,DIE
2020-06-24T01:20:02,4314,0.999,SUP
2020-06-24T01:20:02,218712,0.999,SUP
2020-06-24T01:20:02,224519,1.003,SUP
2020-06-24T01:20:02,1354761,1.004,SUP
2020-06-24T01:20:02,247819,1.019,SUP
2020-06-24T01:20:02,665614,1.019,SUP
2020-06-24T01:20:02,1354799,1.019,SUP
2020-06-24T02:20:01,4314,0.949,DIE
2020-06-24T02:20:01,218712,0.949,DIE
2020-06-24T02:20:01,224519,0.953,DIE
2020-06-24T02:20:01,1354761,0.954,DIE
2020-06-24T02:20:01,247819,0.969,DIE
2020-06-24T02:20:01,665614,0.969,DIE
2020-06-24T02:20:01,1354799,0.969,DIE
2020-06-24T02:20:01,4314,0.999,SUP
2020-06-24T02:20:01,218712,0.999,SUP
2020-06-24T02:20:01,224519,1.003,SUP
2020-06-24T02:20:01,1354761,1.004,SUP
2020-06-24T02:20:01,247819,1.019,SUP
2020-06-24T02:20:01,665614,1.019,SUP
2020-06-24T02:20:01,1354799,1.019,SUP
2020-06-24T03:20:01,4314,0.949,DIE
2020-06-24T03:20:01,218712,0.949,DIE
2020-06-24T03:20:01,224519,0.953,DIE
2020-06-24T03:20:01,1354761,0.954,DIE
2020-06-24T03:20:01,247819,0.969,DIE
2020-06-24T03:20:01,665614,0.969,DIE
2020-06-24T03:20:01,1354799,0.969,DIE
2020-06-24T03:20:01,4314,0.999,SUP
2020-06-24T03:20:01,218712,0.999,SUP
2020-06-24T03:20:01,224519,1.003,SUP
2020-06-24T03:20:01,1354761,1.004,SUP
2020-06-24T03:20:01,247819,1.019,SUP
2020-06-24T03:20:01,665614,1.019,SUP
2020-06-24T03:20:01,1354799,1.019,SUP
2020-06-24T04:20:03,4314,0.949,DIE
2020-06-24T04:20:03,218712,0.949,DIE
2020-06-24T04:20:03,224519,0.953,DIE
2020-06-24T04:20:03,1354761,0.954,DIE
2020-06-24T04:20:03,247819,0.969,DIE
2020-06-24T04:20:03,665614,0.969,DIE
2020-06-24T04:20:03,1354799,0.969,DIE
2020-06-24T04:20:03,4314,0.999,SUP
2020-06-24T04:20:03,218712,0.999,SUP
2020-06-24T04:20:03,224519,1.003,SUP
2020-06-24T04:20:03,1354761,1.004,SUP
2020-06-24T04:20:03,247819,1.019,SUP
2020-06-24T04:20:03,665614,1.019,SUP
2020-06-24T04:20:03,1354799,1.019,SUP
2020-06-24T05:20:02,4314,0.949,DIE
2020-06-24T05:20:02,218712,0.949,DIE
2020-06-24T05:20:02,224519,0.953,DIE
2020-06-24T05:20:02,1354761,0.954,DIE
2020-06-24T05:20:02,247819,0.969,DIE
2020-06-24T05:20:02,665614,0.969,DIE
2020-06-24T05:20:02,1354799,0.969,DIE
2020-06-24T05:20:02,4314,0.999,SUP
2020-06-24T05:20:02,218712,0.999,SUP
2020-06-24T05:20:02,224519,1.003,SUP
2020-06-24T05:20:02,1354761,1.004,SUP
2020-06-24T05:20:02,247819,1.019,SUP
2020-06-24T05:20:02,665614,1.019,SUP
2020-06-24T05:20:02,1354799,1.019,SUP
2020-06-24T06:20:01,4314,0.949,DIE
2020-06-24T06:20:01,218712,0.949,DIE
2020-06-24T06:20:01,224519,0.953,DIE
2020-06-24T06:20:01,1354761,0.954,DIE
2020-06-24T06:20:01,33395,0.958,DIE
2020-06-24T06:20:01,1354862,0.958,DIE
2020-06-24T06:20:01,4314,0.999,SUP
2020-06-24T06:20:01,218712,0.999,SUP
2020-06-24T06:20:01,224519,1.003,SUP
2020-06-24T06:20:01,1354761,1.004,SUP
2020-06-24T06:20:01,33395,1.008,SUP
2020-06-24T06:20:01,1354862,1.008,SUP
2020-06-24T07:20:01,4314,0.949,DIE
2020-06-24T07:20:01,218712,0.949,DIE
2020-06-24T07:20:01,744499,0.949,DIE
2020-06-24T07:20:01,224519,0.953,DIE
2020-06-24T07:20:01,1354761,0.954,DIE
2020-06-24T07:20:01,4314,0.999,SUP
2020-06-24T07:20:01,218712,0.999,SUP
2020-06-24T07:20:01,744499,0.999,SUP
2020-06-24T07:20:01,224519,1.003,SUP
2020-06-24T07:20:01,1354761,1.004,SUP
2020-06-24T08:20:01,4314,0.949,DIE
2020-06-24T08:20:01,218712,0.949,DIE
2020-06-24T08:20:01,744499,0.949,DIE
2020-06-24T08:20:01,224519,0.953,DIE
2020-06-24T08:20:01,1354761,0.954,DIE
2020-06-24T08:20:01,4314,0.999,SUP
2020-06-24T08:20:01,218712,0.999,SUP
2020-06-24T08:20:01,744499,0.999,SUP
2020-06-24T08:20:01,224519,1.003,SUP
2020-06-24T08:20:01,1354761,1.004,SUP
2020-06-24T09:20:01,4314,0.949,DIE
2020-06-24T09:20:01,218712,0.949,DIE
2020-06-24T09:20:01,744499,0.949,DIE
2020-06-24T09:20:01,224519,0.953,DIE
2020-06-24T09:20:01,1354761,0.954,DIE
2020-06-24T09:20:01,4314,0.999,SUP
2020-06-24T09:20:01,218712,0.999,SUP
2020-06-24T09:20:01,744499,0.999,SUP
2020-06-24T09:20:01,224519,1.003,SUP
2020-06-24T09:20:01,1354761,1.004,SUP
2020-06-24T10:20:01,4314,0.949,DIE
2020-06-24T10:20:01,218712,0.949,DIE
2020-06-24T10:20:01,744499,0.949,DIE
2020-06-24T10:20:01,224519,0.953,DIE
2020-06-24T10:20:01,1354761,0.954,DIE
2020-06-24T10:20:01,4314,0.999,SUP
2020-06-24T10:20:01,218712,0.999,SUP
2020-06-24T10:20:01,744499,0.999,SUP
2020-06-24T10:20:01,224519,1.003,SUP
2020-06-24T10:20:01,1354761,1.004,SUP
2020-06-24T11:20:05,4314,0.949,DIE
2020-06-24T11:20:05,218712,0.949,DIE
2020-06-24T11:20:05,744499,0.949,DIE
2020-06-24T11:20:05,224519,0.953,DIE
2020-06-24T11:20:05,1354761,0.954,DIE
2020-06-24T11:20:05,4314,0.999,SUP
2020-06-24T11:20:05,218712,0.999,SUP
2020-06-24T11:20:05,744499,0.999,SUP
2020-06-24T11:20:05,224519,1.003,SUP
2020-06-24T11:20:05,1354761,1.004,SUP
2020-06-24T12:20:02,218712,0.949,DIE
2020-06-24T12:20:02,7812,0.986,DIE
2020-06-24T12:20:02,4314,0.989,DIE
2020-06-24T12:20:02,6353,0.989,DIE
2020-06-24T12:20:02,7564,0.989,DIE
2020-06-24T12:20:02,218712,0.999,SUP
2020-06-24T12:20:02,7812,1.028,SUP
2020-06-24T12:20:02,4314,1.039,SUP
2020-06-24T12:20:02,1354862,1.049,SUP
2020-06-24T12:20:02,1469826,1.049,SUP
2020-06-24T13:20:01,4314,0.949,DIE
2020-06-24T13:20:01,218712,0.949,DIE
2020-06-24T13:20:01,7812,0.986,DIE
2020-06-24T13:20:01,6353,0.989,DIE
2020-06-24T13:20:01,224519,0.994,DIE
2020-06-24T13:20:01,4314,0.999,SUP
2020-06-24T13:20:01,218712,0.999,SUP
2020-06-24T13:20:01,7812,1.028,SUP
2020-06-24T13:20:01,224519,1.044,SUP
2020-06-24T13:20:01,33395,1.049,SUP
2020-06-24T13:20:01,1354862,1.049,SUP
2020-06-24T13:20:01,1469826,1.049,SUP
2020-06-24T14:20:01,4314,0.949,DIE
2020-06-24T14:20:01,218712,0.949,DIE
2020-06-24T14:20:01,7812,0.986,DIE
2020-06-24T14:20:01,6353,0.989,DIE
2020-06-24T14:20:01,224519,0.994,DIE
2020-06-24T14:20:01,247882,0.994,DIE
2020-06-24T14:20:01,665614,0.994,DIE
2020-06-24T14:20:01,1354799,0.994,DIE
2020-06-24T14:20:01,4314,0.999,SUP
2020-06-24T14:20:01,218712,0.999,SUP
2020-06-24T14:20:01,7812,1.028,SUP
2020-06-24T14:20:01,33395,1.044,SUP
2020-06-24T14:20:01,224519,1.044,SUP
2020-06-24T14:20:01,665614,1.044,SUP
2020-06-24T14:20:01,1354799,1.044,SUP
2020-06-24T15:20:02,4314,0.949,DIE
2020-06-24T15:20:02,218712,0.949,DIE
2020-06-24T15:20:02,1354862,0.959,DIE
2020-06-24T15:20:02,7812,0.986,DIE
2020-06-24T15:20:02,1469826,0.986,DIE
2020-06-24T15:20:02,4314,0.999,SUP
2020-06-24T15:20:02,218712,0.999,SUP
2020-06-24T15:20:02,1354862,1.009,SUP
2020-06-24T15:20:02,1469826,1.026,SUP
2020-06-24T15:20:02,7812,1.028,SUP
2020-06-24T16:20:01,4314,0.949,DIE
2020-06-24T16:20:01,218712,0.949,DIE
2020-06-24T16:20:01,224519,0.954,DIE
2020-06-24T16:20:01,1354862,0.959,DIE
2020-06-24T16:20:01,248036,0.964,DIE
2020-06-24T16:20:01,4314,0.999,SUP
2020-06-24T16:20:01,218712,0.999,SUP
2020-06-24T16:20:01,224519,1.004,SUP
2020-06-24T16:20:01,1354862,1.009,SUP
2020-06-24T16:20:01,248036,1.014,SUP
2020-06-24T17:20:02,4314,0.949,DIE
2020-06-24T17:20:02,218712,0.949,DIE
2020-06-24T17:20:02,224519,0.954,DIE
2020-06-24T17:20:02,744499,0.959,DIE
2020-06-24T17:20:02,1354862,0.959,DIE
2020-06-24T17:20:02,4314,0.999,SUP
2020-06-24T17:20:02,218712,0.999,SUP
2020-06-24T17:20:02,224519,1.004,SUP
2020-06-24T17:20:02,1354862,1.009,SUP
2020-06-24T17:20:02,248036,1.014,SUP
2020-06-24T18:20:01,4314,0.949,DIE
2020-06-24T18:20:01,218712,0.949,DIE
2020-06-24T18:20:01,224519,0.954,DIE
2020-06-24T18:20:01,744499,0.959,DIE
2020-06-24T18:20:01,1354862,0.959,DIE
2020-06-24T18:20:01,4314,0.999,SUP
2020-06-24T18:20:01,218712,0.999,SUP
2020-06-24T18:20:01,224519,1.004,SUP
2020-06-24T18:20:01,1354862,1.009,SUP
2020-06-24T18:20:01,248036,1.014,SUP
2020-06-24T19:20:02,4314,0.949,DIE
2020-06-24T19:20:02,218712,0.949,DIE
2020-06-24T19:20:02,224519,0.954,DIE
2020-06-24T19:20:02,744499,0.959,DIE
2020-06-24T19:20:02,1354862,0.959,DIE
2020-06-24T19:20:02,4314,0.999,SUP
2020-06-24T19:20:02,218712,0.999,SUP
2020-06-24T19:20:02,224519,1.004,SUP
2020-06-24T19:20:02,1354862,1.009,SUP
2020-06-24T19:20:02,248036,1.014,SUP
2020-06-24T20:20:01,4314,0.949,DIE
2020-06-24T20:20:01,218712,0.949,DIE
2020-06-24T20:20:01,224519,0.954,DIE
2020-06-24T20:20:01,744499,0.959,DIE
2020-06-24T20:20:01,1354862,0.959,DIE
2020-06-24T20:20:01,4314,0.999,SUP
2020-06-24T20:20:01,218712,0.999,SUP
2020-06-24T20:20:01,224519,1.004,SUP
2020-06-24T20:20:01,1354862,1.009,SUP
2020-06-24T20:20:01,248036,1.014,SUP
2020-06-24T21:20:02,4314,0.949,DIE
2020-06-24T21:20:02,218712,0.949,DIE
2020-06-24T21:20:02,224519,0.954,DIE
2020-06-24T21:20:02,1354862,0.959,DIE
2020-06-24T21:20:02,248036,0.964,DIE
2020-06-24T21:20:02,4314,0.999,SUP
2020-06-24T21:20:02,218712,0.999,SUP
2020-06-24T21:20:02,224519,1.004,SUP
2020-06-24T21:20:02,1354862,1.009,SUP
2020-06-24T21:20:02,248036,1.014,SUP
2020-06-24T22:20:02,4314,0.949,DIE
2020-06-24T22:20:02,218712,0.949,DIE
2020-06-24T22:20:02,224519,0.954,DIE
2020-06-24T22:20:02,448795,0.969,DIE
2020-06-24T22:20:02,665614,0.969,DIE
2020-06-24T22:20:02,1354799,0.969,DIE
2020-06-24T22:20:02,4314,0.999,SUP
2020-06-24T22:20:02,218712,0.999,SUP
2020-06-24T22:20:02,224519,1.004,SUP
2020-06-24T22:20:02,448795,1.019,SUP
2020-06-24T22:20:02,665614,1.019,SUP
2020-06-24T22:20:02,1354799,1.019,SUP
2020-06-24T23:20:02,4314,0.949,DIE
2020-06-24T23:20:02,218712,0.949,DIE
2020-06-24T23:20:02,224519,0.954,DIE
2020-06-24T23:20:02,448795,0.969,DIE
2020-06-24T23:20:02,665614,0.969,DIE
2020-06-24T23:20:02,1354799,0.969,DIE
2020-06-24T23:20:02,4314,0.999,SUP
2020-06-24T23:20:02,218712,0.999,SUP
2020-06-24T23:20:02,224519,1.004,SUP
2020-06-24T23:20:02,448795,1.019,SUP
2020-06-24T23:20:02,665614,1.019,SUP
2020-06-24T23:20:02,1354799,1.019,SUP
2020-06-25T00:20:01,4314,0.949,DIE
2020-06-25T00:20:01,218712,0.949,DIE
2020-06-25T00:20:01,224519,0.954,DIE
2020-06-25T00:20:01,665614,0.969,DIE
2020-06-25T00:20:01,1354799,0.969,DIE
2020-06-25T00:20:01,4314,0.999,SUP
2020-06-25T00:20:01,218712,0.999,SUP
2020-06-25T00:20:01,224519,1.004,SUP
2020-06-25T00:20:01,665614,1.019,SUP
2020-06-25T00:20:01,1354799,1.019,SUP
2020-06-25T01:20:02,4314,0.949,DIE
2020-06-25T01:20:02,218712,0.949,DIE
2020-06-25T01:20:02,224519,0.954,DIE
2020-06-25T01:20:02,665614,0.969,DIE
2020-06-25T01:20:02,1354799,0.969,DIE
2020-06-25T01:20:02,4314,0.999,SUP
2020-06-25T01:20:02,218712,0.999,SUP
2020-06-25T01:20:02,224519,1.004,SUP
2020-06-25T01:20:02,665614,1.019,SUP
2020-06-25T01:20:02,1354799,1.019,SUP
2020-06-25T02:20:02,4314,0.949,DIE
2020-06-25T02:20:02,218712,0.949,DIE
2020-06-25T02:20:02,224519,0.954,DIE
2020-06-25T02:20:02,665614,0.969,DIE
2020-06-25T02:20:02,1354799,0.969,DIE
2020-06-25T02:20:02,4314,0.999,SUP
2020-06-25T02:20:02,218712,0.999,SUP
2020-06-25T02:20:02,224519,1.004,SUP
2020-06-25T02:20:02,665614,1.019,SUP
2020-06-25T02:20:02,1354799,1.019,SUP
2020-06-25T03:20:02,4314,0.949,DIE
2020-06-25T03:20:02,218712,0.949,DIE
2020-06-25T03:20:02,224519,0.954,DIE
2020-06-25T03:20:02,665614,0.969,DIE
2020-06-25T03:20:02,1354799,0.969,DIE
2020-06-25T03:20:02,4314,0.999,SUP
2020-06-25T03:20:02,218712,0.999,SUP
2020-06-25T03:20:02,224519,1.004,SUP
2020-06-25T03:20:02,665614,1.019,SUP
2020-06-25T03:20:02,1354799,1.019,SUP
2020-06-25T04:20:01,4314,0.949,DIE
2020-06-25T04:20:01,218712,0.949,DIE
2020-06-25T04:20:01,224519,0.954,DIE
2020-06-25T04:20:01,665614,0.969,DIE
2020-06-25T04:20:01,1354799,0.969,DIE
2020-06-25T04:20:01,4314,0.999,SUP
2020-06-25T04:20:01,218712,0.999,SUP
2020-06-25T04:20:01,224519,1.004,SUP
2020-06-25T04:20:01,665614,1.019,SUP
2020-06-25T04:20:01,1354799,1.019,SUP
2020-06-25T05:20:02,4314,0.949,DIE
2020-06-25T05:20:02,218712,0.949,DIE
2020-06-25T05:20:02,224519,0.954,DIE
2020-06-25T05:20:02,665614,0.969,DIE
2020-06-25T05:20:02,1354799,0.969,DIE
2020-06-25T05:20:02,4314,0.999,SUP
2020-06-25T05:20:02,218712,0.999,SUP
2020-06-25T05:20:02,224519,1.004,SUP
2020-06-25T05:20:02,665614,1.019,SUP
2020-06-25T05:20:02,1354799,1.019,SUP
2020-06-25T06:20:01,4314,0.949,DIE
2020-06-25T06:20:01,218712,0.949,DIE
2020-06-25T06:20:01,224519,0.954,DIE
2020-06-25T06:20:01,1354862,0.959,DIE
2020-06-25T06:20:01,248036,0.964,DIE
2020-06-25T06:20:01,4314,0.999,SUP
2020-06-25T06:20:01,218712,0.999,SUP
2020-06-25T06:20:01,224519,1.004,SUP
2020-06-25T06:20:01,1354862,1.009,SUP
2020-06-25T06:20:01,248036,1.014,SUP
2020-06-25T07:20:01,4314,0.949,DIE
2020-06-25T07:20:01,218712,0.949,DIE
2020-06-25T07:20:01,224519,0.954,DIE
2020-06-25T07:20:01,744499,0.959,DIE
2020-06-25T07:20:01,1354862,0.959,DIE
2020-06-25T07:20:01,4314,0.999,SUP
2020-06-25T07:20:01,218712,0.999,SUP
2020-06-25T07:20:01,224519,1.004,SUP
2020-06-25T07:20:01,1354862,1.009,SUP
2020-06-25T07:20:01,248036,1.014,SUP
2020-06-25T08:20:04,4314,0.949,DIE
2020-06-25T08:20:04,218712,0.949,DIE
2020-06-25T08:20:04,224519,0.954,DIE
2020-06-25T08:20:04,744499,0.959,DIE
2020-06-25T08:20:04,1354862,0.959,DIE
2020-06-25T08:20:04,4314,0.999,SUP
2020-06-25T08:20:04,218712,0.999,SUP
2020-06-25T08:20:04,224519,1.004,SUP
2020-06-25T08:20:04,1354862,1.009,SUP
2020-06-25T08:20:04,248036,1.014,SUP
2020-06-25T09:20:03,4314,0.949,DIE
2020-06-25T09:20:03,218712,0.949,DIE
2020-06-25T09:20:03,224519,0.954,DIE
2020-06-25T09:20:03,744499,0.959,DIE
2020-06-25T09:20:03,1354862,0.959,DIE
2020-06-25T09:20:03,4314,0.999,SUP
2020-06-25T09:20:03,218712,0.999,SUP
2020-06-25T09:20:03,224519,1.004,SUP
2020-06-25T09:20:03,1354862,1.009,SUP
2020-06-25T09:20:03,248036,1.014,SUP
2020-06-25T09:20:03,448795,1.014,SUP
2020-06-25T10:20:01,4314,0.949,DIE
2020-06-25T10:20:01,218712,0.949,DIE
2020-06-25T10:20:01,224519,0.954,DIE
2020-06-25T10:20:01,744499,0.959,DIE
2020-06-25T10:20:01,1354862,0.959,DIE
2020-06-25T10:20:01,4314,0.999,SUP
2020-06-25T10:20:01,218712,0.999,SUP
2020-06-25T10:20:01,224519,1.004,SUP
2020-06-25T10:20:01,1354862,1.009,SUP
2020-06-25T10:20:01,247882,1.014,SUP
2020-06-25T10:20:01,248036,1.014,SUP
2020-06-25T10:20:01,448795,1.014,SUP
2020-06-25T11:20:02,4314,0.949,DIE
2020-06-25T11:20:02,218712,0.949,DIE
2020-06-25T11:20:02,224519,0.954,DIE
2020-06-25T11:20:02,744499,0.959,DIE
2020-06-25T11:20:02,1354862,0.959,DIE
2020-06-25T11:20:02,4314,0.999,SUP
2020-06-25T11:20:02,218712,0.999,SUP
2020-06-25T11:20:02,224519,1.004,SUP
2020-06-25T11:20:02,1354862,1.009,SUP
2020-06-25T11:20:02,247882,1.014,SUP
2020-06-25T11:20:02,248036,1.014,SUP
2020-06-25T11:20:02,448795,1.014,SUP
2020-06-25T12:20:01,218712,0.949,DIE
2020-06-25T12:20:01,7812,0.986,DIE
2020-06-25T12:20:01,6353,0.989,DIE
2020-06-25T12:20:01,4314,0.999,DIE
2020-06-25T12:20:01,5108,0.999,DIE
2020-06-25T12:20:01,218712,0.999,SUP
2020-06-25T12:20:01,7812,1.028,SUP
2020-06-25T12:20:01,4314,1.049,SUP
2020-06-25T12:20:01,224519,1.059,SUP
2020-06-25T12:20:01,448795,1.059,SUP
2020-06-25T12:20:01,1354862,1.059,SUP
2020-06-25T12:20:01,1469826,1.059,SUP
2020-06-25T13:20:01,218712,0.949,DIE
2020-06-25T13:20:01,4314,0.959,DIE
2020-06-25T13:20:01,7812,0.986,DIE
2020-06-25T13:20:01,6353,0.989,DIE
2020-06-25T13:20:01,5108,0.999,DIE
2020-06-25T13:20:01,218712,0.999,SUP
2020-06-25T13:20:01,4314,1.009,SUP
2020-06-25T13:20:01,7812,1.028,SUP
2020-06-25T13:20:01,224519,1.054,SUP
2020-06-25T13:20:01,33395,1.059,SUP
2020-06-25T13:20:01,118163,1.059,SUP
2020-06-25T13:20:01,247882,1.059,SUP
2020-06-25T13:20:01,448795,1.059,SUP
2020-06-25T13:20:01,743146,1.059,SUP
2020-06-25T13:20:01,744499,1.059,SUP
2020-06-25T13:20:01,1354862,1.059,SUP
2020-06-25T13:20:01,1469826,1.059,SUP
2020-06-25T14:20:01,4314,0.949,DIE
2020-06-25T14:20:01,218712,0.949,DIE
2020-06-25T14:20:01,7812,0.986,DIE
2020-06-25T14:20:01,6353,0.989,DIE
2020-06-25T14:20:01,1469826,0.998,DIE
2020-06-25T14:20:01,4314,0.999,SUP
2020-06-25T14:20:01,218712,0.999,SUP
2020-06-25T14:20:01,7812,1.028,SUP
2020-06-25T14:20:01,1469826,1.028,SUP
2020-06-25T14:20:01,744499,1.029,SUP
2020-06-25T15:20:01,4314,0.949,DIE
2020-06-25T15:20:01,218712,0.949,DIE
2020-06-25T15:20:01,1354862,0.959,DIE
2020-06-25T15:20:01,224519,0.964,DIE
2020-06-25T15:20:01,248036,0.974,DIE
2020-06-25T15:20:01,4314,0.999,SUP
2020-06-25T15:20:01,218712,0.999,SUP
2020-06-25T15:20:01,1354862,1.009,SUP
2020-06-25T15:20:01,224519,1.014,SUP
2020-06-25T15:20:01,248036,1.024,SUP
2020-06-25T16:20:02,4314,0.949,DIE
2020-06-25T16:20:02,218712,0.949,DIE
2020-06-25T16:20:02,224519,0.954,DIE
2020-06-25T16:20:02,118163,0.959,DIE
2020-06-25T16:20:02,743146,0.959,DIE
2020-06-25T16:20:02,1354862,0.959,DIE
2020-06-25T16:20:02,4314,0.999,SUP
2020-06-25T16:20:02,218712,0.999,SUP
2020-06-25T16:20:02,224519,1.004,SUP
2020-06-25T16:20:02,118163,1.009,SUP
2020-06-25T16:20:02,743146,1.009,SUP
2020-06-25T16:20:02,1354862,1.009,SUP
2020-06-25T17:20:01,4314,0.949,DIE
2020-06-25T17:20:01,218712,0.949,DIE
2020-06-25T17:20:01,224519,0.954,DIE
2020-06-25T17:20:01,1354862,0.958,DIE
2020-06-25T17:20:01,118163,0.959,DIE
2020-06-25T17:20:01,743146,0.959,DIE
2020-06-25T17:20:01,744499,0.959,DIE
2020-06-25T17:20:01,4314,0.999,SUP
2020-06-25T17:20:01,218712,0.999,SUP
2020-06-25T17:20:01,224519,1.004,SUP
2020-06-25T17:20:01,1354862,1.008,SUP
2020-06-25T17:20:01,118163,1.009,SUP
2020-06-25T17:20:01,743146,1.009,SUP
2020-06-25T18:20:02,4314,0.949,DIE
2020-06-25T18:20:02,218712,0.949,DIE
2020-06-25T18:20:02,224519,0.953,DIE
2020-06-25T18:20:02,1354862,0.958,DIE
2020-06-25T18:20:02,118163,0.959,DIE
2020-06-25T18:20:02,743146,0.959,DIE
2020-06-25T18:20:02,744499,0.959,DIE
2020-06-25T18:20:02,4314,0.999,SUP
2020-06-25T18:20:02,218712,0.999,SUP
2020-06-25T18:20:02,224519,1.003,SUP
2020-06-25T18:20:02,1354862,1.008,SUP
2020-06-25T18:20:02,118163,1.009,SUP
2020-06-25T18:20:02,743146,1.009,SUP
2020-06-25T19:20:01,4314,0.949,DIE
2020-06-25T19:20:01,218712,0.949,DIE
2020-06-25T19:20:01,224519,0.953,DIE
2020-06-25T19:20:01,1354862,0.958,DIE
2020-06-25T19:20:01,744499,0.959,DIE
2020-06-25T19:20:01,4314,0.999,SUP
2020-06-25T19:20:01,218712,0.999,SUP
2020-06-25T19:20:01,224519,1.003,SUP
2020-06-25T19:20:01,1354862,1.008,SUP
2020-06-25T19:20:01,248036,1.014,SUP
2020-06-25T20:20:01,4314,0.949,DIE
2020-06-25T20:20:01,218712,0.949,DIE
2020-06-25T20:20:01,224519,0.953,DIE
2020-06-25T20:20:01,1354862,0.958,DIE
2020-06-25T20:20:01,744499,0.959,DIE
2020-06-25T20:20:01,4314,0.999,SUP
2020-06-25T20:20:01,218712,0.999,SUP
2020-06-25T20:20:01,224519,1.003,SUP
2020-06-25T20:20:01,1354862,1.008,SUP
2020-06-25T20:20:01,248036,1.014,SUP
2020-06-25T21:20:01,4314,0.949,DIE
2020-06-25T21:20:01,218712,0.949,DIE
2020-06-25T21:20:01,224519,0.953,DIE
2020-06-25T21:20:01,1354862,0.958,DIE
2020-06-25T21:20:01,247882,0.964,DIE
2020-06-25T21:20:01,248036,0.964,DIE
2020-06-25T21:20:01,4314,0.999,SUP
2020-06-25T21:20:01,218712,0.999,SUP
2020-06-25T21:20:01,224519,1.003,SUP
2020-06-25T21:20:01,1354862,1.008,SUP
2020-06-25T21:20:01,248036,1.014,SUP
2020-06-25T22:20:02,4314,0.949,DIE
2020-06-25T22:20:02,218712,0.949,DIE
2020-06-25T22:20:02,224519,0.953,DIE
2020-06-25T22:20:02,448795,0.968,DIE
2020-06-25T22:20:02,247819,0.969,DIE
2020-06-25T22:20:02,665614,0.969,DIE
2020-06-25T22:20:02,1354799,0.969,DIE
2020-06-25T22:20:02,4314,0.999,SUP
2020-06-25T22:20:02,218712,0.999,SUP
2020-06-25T22:20:02,224519,1.003,SUP
2020-06-25T22:20:02,448795,1.018,SUP
2020-06-25T22:20:02,665614,1.019,SUP
2020-06-25T22:20:02,1354799,1.019,SUP
2020-06-25T23:20:02,4314,0.949,DIE
2020-06-25T23:20:02,218712,0.949,DIE
2020-06-25T23:20:02,224519,0.953,DIE
2020-06-25T23:20:02,448795,0.968,DIE
2020-06-25T23:20:02,247819,0.969,DIE
2020-06-25T23:20:02,665614,0.969,DIE
2020-06-25T23:20:02,1354799,0.969,DIE
2020-06-25T23:20:02,4314,0.999,SUP
2020-06-25T23:20:02,218712,0.999,SUP
2020-06-25T23:20:02,224519,1.003,SUP
2020-06-25T23:20:02,448795,1.018,SUP
2020-06-25T23:20:02,665614,1.019,SUP
2020-06-25T23:20:02,1354799,1.019,SUP
2020-06-26T00:20:01,4314,0.949,DIE
2020-06-26T00:20:01,218712,0.949,DIE
2020-06-26T00:20:01,224519,0.953,DIE
2020-06-26T00:20:01,247819,0.969,DIE
2020-06-26T00:20:01,665614,0.969,DIE
2020-06-26T00:20:01,1354799,0.969,DIE
2020-06-26T00:20:01,4314,0.999,SUP
2020-06-26T00:20:01,218712,0.999,SUP
2020-06-26T00:20:01,224519,1.003,SUP
2020-06-26T00:20:01,665614,1.019,SUP
2020-06-26T00:20:01,1354799,1.019,SUP
2020-06-26T01:20:01,4314,0.949,DIE
2020-06-26T01:20:01,218712,0.949,DIE
2020-06-26T01:20:01,224519,0.953,DIE
2020-06-26T01:20:01,247819,0.969,DIE
2020-06-26T01:20:01,665614,0.969,DIE
2020-06-26T01:20:01,1354799,0.969,DIE
2020-06-26T01:20:01,4314,0.999,SUP
2020-06-26T01:20:01,218712,0.999,SUP
2020-06-26T01:20:01,224519,1.003,SUP
2020-06-26T01:20:01,665614,1.019,SUP
2020-06-26T01:20:01,1354799,1.019,SUP
2020-06-26T02:20:02,4314,0.949,DIE
2020-06-26T02:20:02,218712,0.949,DIE
2020-06-26T02:20:02,224519,0.953,DIE
2020-06-26T02:20:02,247819,0.969,DIE
2020-06-26T02:20:02,665614,0.969,DIE
2020-06-26T02:20:02,1354799,0.969,DIE
2020-06-26T02:20:02,4314,0.999,SUP
2020-06-26T02:20:02,218712,0.999,SUP
2020-06-26T02:20:02,224519,1.003,SUP
2020-06-26T02:20:02,665614,1.019,SUP
2020-06-26T02:20:02,1354799,1.019,SUP
2020-06-26T03:20:01,4314,0.949,DIE
2020-06-26T03:20:01,218712,0.949,DIE
2020-06-26T03:20:01,224519,0.953,DIE
2020-06-26T03:20:01,247819,0.969,DIE
2020-06-26T03:20:01,665614,0.969,DIE
2020-06-26T03:20:01,1354799,0.969,DIE
2020-06-26T03:20:01,4314,0.999,SUP
2020-06-26T03:20:01,218712,0.999,SUP
2020-06-26T03:20:01,224519,1.003,SUP
2020-06-26T03:20:01,665614,1.019,SUP
2020-06-26T03:20:01,1354799,1.019,SUP
2020-06-26T04:20:02,4314,0.949,DIE
2020-06-26T04:20:02,218712,0.949,DIE
2020-06-26T04:20:02,224519,0.953,DIE
2020-06-26T04:20:02,247819,0.969,DIE
2020-06-26T04:20:02,665614,0.969,DIE
2020-06-26T04:20:02,1354799,0.969,DIE
2020-06-26T04:20:02,4314,0.999,SUP
2020-06-26T04:20:02,218712,0.999,SUP
2020-06-26T04:20:02,224519,1.003,SUP
2020-06-26T04:20:02,665614,1.019,SUP
2020-06-26T04:20:02,1354799,1.019,SUP
2020-06-26T05:20:01,4314,0.949,DIE
2020-06-26T05:20:01,218712,0.949,DIE
2020-06-26T05:20:01,224519,0.953,DIE
2020-06-26T05:20:01,247819,0.969,DIE
2020-06-26T05:20:01,665614,0.969,DIE
2020-06-26T05:20:01,1354799,0.969,DIE
2020-06-26T05:20:01,4314,0.999,SUP
2020-06-26T05:20:01,218712,0.999,SUP
2020-06-26T05:20:01,224519,1.003,SUP
2020-06-26T05:20:01,665614,1.019,SUP
2020-06-26T05:20:01,1354799,1.019,SUP
2020-06-26T06:20:01,4314,0.949,DIE
2020-06-26T06:20:01,218712,0.949,DIE
2020-06-26T06:20:01,224519,0.953,DIE
2020-06-26T06:20:01,33395,0.958,DIE
2020-06-26T06:20:01,1354862,0.958,DIE
2020-06-26T06:20:01,4314,0.999,SUP
2020-06-26T06:20:01,218712,0.999,SUP
2020-06-26T06:20:01,224519,1.003,SUP
2020-06-26T06:20:01,33395,1.008,SUP
2020-06-26T06:20:01,1354862,1.008,SUP
2020-06-26T07:20:01,4314,0.949,DIE
2020-06-26T07:20:01,218712,0.949,DIE
2020-06-26T07:20:01,224519,0.953,DIE
2020-06-26T07:20:01,33395,0.958,DIE
2020-06-26T07:20:01,1354862,0.958,DIE
2020-06-26T07:20:01,4314,0.999,SUP
2020-06-26T07:20:01,218712,0.999,SUP
2020-06-26T07:20:01,224519,1.003,SUP
2020-06-26T07:20:01,33395,1.008,SUP
2020-06-26T07:20:01,1354862,1.008,SUP
2020-06-26T08:20:03,4314,0.949,DIE
2020-06-26T08:20:03,218712,0.949,DIE
2020-06-26T08:20:03,224519,0.953,DIE
2020-06-26T08:20:03,33395,0.958,DIE
2020-06-26T08:20:03,1354862,0.958,DIE
2020-06-26T08:20:03,4314,0.999,SUP
2020-06-26T08:20:03,218712,0.999,SUP
2020-06-26T08:20:03,224519,1.003,SUP
2020-06-26T08:20:03,1354761,1.004,SUP
2020-06-26T08:20:03,33395,1.008,SUP
2020-06-26T08:20:03,1354862,1.008,SUP
2020-06-26T09:20:04,4314,0.949,DIE
2020-06-26T09:20:04,218712,0.949,DIE
2020-06-26T09:20:04,665614,0.952,DIE
2020-06-26T09:20:04,1354799,0.952,DIE
2020-06-26T09:20:04,224519,0.953,DIE
2020-06-26T09:20:04,4314,0.999,SUP
2020-06-26T09:20:04,218712,0.999,SUP
2020-06-26T09:20:04,665614,1.002,SUP
2020-06-26T09:20:04,1354799,1.002,SUP
2020-06-26T09:20:04,224519,1.003,SUP
2020-06-26T10:20:02,4314,0.949,DIE
2020-06-26T10:20:02,218712,0.949,DIE
2020-06-26T10:20:02,224519,0.952,DIE
2020-06-26T10:20:02,665614,0.952,DIE
2020-06-26T10:20:02,1354799,0.952,DIE
2020-06-26T10:20:02,4314,0.999,SUP
2020-06-26T10:20:02,218712,0.999,SUP
2020-06-26T10:20:02,665614,1.002,SUP
2020-06-26T10:20:02,1354799,1.002,SUP
2020-06-26T10:20:02,224519,1.003,SUP
2020-06-26T11:20:05,4314,0.949,DIE
2020-06-26T11:20:05,218712,0.949,DIE
2020-06-26T11:20:05,224519,0.952,DIE
2020-06-26T11:20:05,665614,0.952,DIE
2020-06-26T11:20:05,1354799,0.952,DIE
2020-06-26T11:20:05,4314,0.999,SUP
2020-06-26T11:20:05,218712,0.999,SUP
2020-06-26T11:20:05,665614,1.002,SUP
2020-06-26T11:20:05,1354799,1.002,SUP
2020-06-26T11:20:05,224519,1.003,SUP
2020-06-26T12:20:02,218712,0.949,DIE
2020-06-26T12:20:02,7812,0.986,DIE
2020-06-26T12:20:02,6353,0.989,DIE
2020-06-26T12:20:02,4314,0.999,DIE
2020-06-26T12:20:02,5108,0.999,DIE
2020-06-26T12:20:02,7564,0.999,DIE
2020-06-26T12:20:02,224519,0.999,DIE
2020-06-26T12:20:02,1354862,0.999,DIE
2020-06-26T12:20:02,218712,0.999,SUP
2020-06-26T12:20:02,7812,1.028,SUP
2020-06-26T12:20:02,4314,1.049,SUP
2020-06-26T12:20:02,1354862,1.049,SUP
2020-06-26T12:20:02,1469826,1.049,SUP
2020-06-26T13:20:01,218712,0.949,DIE
2020-06-26T13:20:01,4314,0.959,DIE
2020-06-26T13:20:01,7812,0.986,DIE
2020-06-26T13:20:01,6353,0.989,DIE
2020-06-26T13:20:01,1354761,0.994,DIE
2020-06-26T13:20:01,218712,0.999,SUP
2020-06-26T13:20:01,4314,1.009,SUP
2020-06-26T13:20:01,7812,1.028,SUP
2020-06-26T13:20:01,33395,1.049,SUP
2020-06-26T13:20:01,1354862,1.049,SUP
2020-06-26T13:20:01,1469826,1.049,SUP
2020-06-26T14:20:01,4314,0.949,DIE
2020-06-26T14:20:01,218712,0.949,DIE
2020-06-26T14:20:01,1354862,0.959,DIE
2020-06-26T14:20:01,1354773,0.984,DIE
2020-06-26T14:20:01,7812,0.986,DIE
2020-06-26T14:20:01,4314,0.999,SUP
2020-06-26T14:20:01,218712,0.999,SUP
2020-06-26T14:20:01,1354862,1.009,SUP
2020-06-26T14:20:01,7812,1.028,SUP
2020-06-26T14:20:01,744499,1.029,SUP
2020-06-26T15:20:02,4314,0.949,DIE
2020-06-26T15:20:02,218712,0.949,DIE
2020-06-26T15:20:02,224519,0.954,DIE
2020-06-26T15:20:02,118163,0.959,DIE
2020-06-26T15:20:02,743146,0.959,DIE
2020-06-26T15:20:02,1354862,0.959,DIE
2020-06-26T15:20:02,4314,0.999,SUP
2020-06-26T15:20:02,218712,0.999,SUP
2020-06-26T15:20:02,224519,1.004,SUP
2020-06-26T15:20:02,118163,1.009,SUP
2020-06-26T15:20:02,743146,1.009,SUP
2020-06-26T15:20:02,1354862,1.009,SUP
2020-06-26T16:20:01,4314,0.949,DIE
2020-06-26T16:20:01,218712,0.949,DIE
2020-06-26T16:20:01,224519,0.954,DIE
2020-06-26T16:20:01,1354862,0.958,DIE
2020-06-26T16:20:01,118163,0.959,DIE
2020-06-26T16:20:01,743146,0.959,DIE
2020-06-26T16:20:01,4314,0.999,SUP
2020-06-26T16:20:01,218712,0.999,SUP
2020-06-26T16:20:01,224519,1.004,SUP
2020-06-26T16:20:01,1354862,1.008,SUP
2020-06-26T16:20:01,118163,1.009,SUP
2020-06-26T16:20:01,743146,1.009,SUP
2020-06-26T17:20:02,4314,0.949,DIE
2020-06-26T17:20:02,218712,0.949,DIE
2020-06-26T17:20:02,224519,0.953,DIE
2020-06-26T17:20:02,118163,0.958,DIE
2020-06-26T17:20:02,743146,0.958,DIE
2020-06-26T17:20:02,1354862,0.958,DIE
2020-06-26T17:20:02,4314,0.999,SUP
2020-06-26T17:20:02,218712,0.999,SUP
2020-06-26T17:20:02,224519,1.003,SUP
2020-06-26T17:20:02,118163,1.006,SUP
2020-06-26T17:20:02,743146,1.006,SUP
2020-06-26T18:20:01,4314,0.949,DIE
2020-06-26T18:20:01,218712,0.949,DIE
2020-06-26T18:20:01,224519,0.953,DIE
2020-06-26T18:20:01,1354862,0.957,DIE
2020-06-26T18:20:01,118163,0.958,DIE
2020-06-26T18:20:01,743146,0.958,DIE
2020-06-26T18:20:01,4314,0.999,SUP
2020-06-26T18:20:01,218712,0.999,SUP
2020-06-26T18:20:01,224519,1.001,SUP
2020-06-26T18:20:01,1354862,1.005,SUP
2020-06-26T18:20:01,118163,1.006,SUP
2020-06-26T18:20:01,743146,1.006,SUP
2020-06-26T19:20:01,4314,0.949,DIE
2020-06-26T19:20:01,218712,0.949,DIE
2020-06-26T19:20:01,224519,0.952,DIE
2020-06-26T19:20:01,1354862,0.957,DIE
2020-06-26T19:20:01,744499,0.959,DIE
2020-06-26T19:20:01,4314,0.999,SUP
2020-06-26T19:20:01,218712,0.999,SUP
2020-06-26T19:20:01,224519,1.0,SUP
2020-06-26T19:20:01,1354862,1.005,SUP
2020-06-26T19:20:01,247882,1.013,SUP
2020-06-26T20:20:01,4314,0.949,DIE
2020-06-26T20:20:01,218712,0.949,DIE
2020-06-26T20:20:01,224519,0.952,DIE
2020-06-26T20:20:01,1354862,0.957,DIE
2020-06-26T20:20:01,744499,0.959,DIE
2020-06-26T20:20:01,4314,0.999,SUP
2020-06-26T20:20:01,218712,0.999,SUP
2020-06-26T20:20:01,224519,1.0,SUP
2020-06-26T20:20:01,1354862,1.005,SUP
2020-06-26T20:20:01,247882,1.013,SUP
2020-06-26T21:20:02,4314,0.949,DIE
2020-06-26T21:20:02,218712,0.949,DIE
2020-06-26T21:20:02,224519,0.952,DIE
2020-06-26T21:20:02,1354862,0.957,DIE
2020-06-26T21:20:02,247882,0.964,DIE
2020-06-26T21:20:02,248036,0.964,DIE
2020-06-26T21:20:02,4314,0.999,SUP
2020-06-26T21:20:02,218712,0.999,SUP
2020-06-26T21:20:02,224519,1.0,SUP
2020-06-26T21:20:02,1354862,1.005,SUP
2020-06-26T21:20:02,247882,1.013,SUP
2020-06-26T22:20:01,4314,0.949,DIE
2020-06-26T22:20:01,218712,0.949,DIE
2020-06-26T22:20:01,224519,0.952,DIE
2020-06-26T22:20:01,448795,0.967,DIE
2020-06-26T22:20:01,247819,0.969,DIE
2020-06-26T22:20:01,665614,0.969,DIE
2020-06-26T22:20:01,1354799,0.969,DIE
2020-06-26T22:20:01,4314,0.999,SUP
2020-06-26T22:20:01,218712,0.999,SUP
2020-06-26T22:20:01,224519,1.0,SUP
2020-06-26T22:20:01,448795,1.015,SUP
2020-06-26T22:20:01,247819,1.018,SUP
2020-06-26T23:20:01,4314,0.949,DIE
2020-06-26T23:20:01,218712,0.949,DIE
2020-06-26T23:20:01,224519,0.952,DIE
2020-06-26T23:20:01,448795,0.967,DIE
2020-06-26T23:20:01,247819,0.969,DIE
2020-06-26T23:20:01,665614,0.969,DIE
2020-06-26T23:20:01,1354799,0.969,DIE
2020-06-26T23:20:01,4314,0.999,SUP
2020-06-26T23:20:01,218712,0.999,SUP
2020-06-26T23:20:01,224519,1.0,SUP
2020-06-26T23:20:01,448795,1.015,SUP
2020-06-26T23:20:01,247819,1.018,SUP
2020-06-27T00:20:01,4314,0.949,DIE
2020-06-27T00:20:01,218712,0.949,DIE
2020-06-27T00:20:01,224519,0.952,DIE
2020-06-27T00:20:01,247819,0.969,DIE
2020-06-27T00:20:01,665614,0.969,DIE
2020-06-27T00:20:01,1354799,0.969,DIE
2020-06-27T00:20:01,4314,0.999,SUP
2020-06-27T00:20:01,218712,0.999,SUP
2020-06-27T00:20:01,224519,1.0,SUP
2020-06-27T00:20:01,247819,1.018,SUP
2020-06-27T00:20:01,665614,1.019,SUP
2020-06-27T00:20:01,1354799,1.019,SUP
2020-06-27T01:20:01,4314,0.949,DIE
2020-06-27T01:20:01,218712,0.949,DIE
2020-06-27T01:20:01,224519,0.952,DIE
2020-06-27T01:20:01,247819,0.969,DIE
2020-06-27T01:20:01,665614,0.969,DIE
2020-06-27T01:20:01,1354799,0.969,DIE
2020-06-27T01:20:01,4314,0.999,SUP
2020-06-27T01:20:01,218712,0.999,SUP
2020-06-27T01:20:01,224519,1.0,SUP
2020-06-27T01:20:01,247819,1.018,SUP
2020-06-27T01:20:01,665614,1.019,SUP
2020-06-27T01:20:01,1354799,1.019,SUP
2020-06-27T02:20:01,4314,0.949,DIE
2020-06-27T02:20:01,218712,0.949,DIE
2020-06-27T02:20:01,224519,0.952,DIE
2020-06-27T02:20:01,247819,0.969,DIE
2020-06-27T02:20:01,665614,0.969,DIE
2020-06-27T02:20:01,1354799,0.969,DIE
2020-06-27T02:20:01,4314,0.999,SUP
2020-06-27T02:20:01,218712,0.999,SUP
2020-06-27T02:20:01,224519,1.0,SUP
2020-06-27T02:20:01,247819,1.018,SUP
2020-06-27T02:20:01,665614,1.019,SUP
2020-06-27T02:20:01,1354799,1.019,SUP
2020-06-27T03:20:02,4314,0.949,DIE
2020-06-27T03:20:02,218712,0.949,DIE
2020-06-27T03:20:02,224519,0.952,DIE
2020-06-27T03:20:02,247819,0.969,DIE
2020-06-27T03:20:02,665614,0.969,DIE
2020-06-27T03:20:02,1354799,0.969,DIE
2020-06-27T03:20:02,4314,0.999,SUP
2020-06-27T03:20:02,218712,0.999,SUP
2020-06-27T03:20:02,224519,1.0,SUP
2020-06-27T03:20:02,247819,1.018,SUP
2020-06-27T03:20:02,665614,1.019,SUP
2020-06-27T03:20:02,1354799,1.019,SUP
2020-06-27T04:20:01,4314,0.949,DIE
2020-06-27T04:20:01,218712,0.949,DIE
2020-06-27T04:20:01,224519,0.952,DIE
2020-06-27T04:20:01,247819,0.969,DIE
2020-06-27T04:20:01,665614,0.969,DIE
2020-06-27T04:20:01,1354799,0.969,DIE
2020-06-27T04:20:01,4314,0.999,SUP
2020-06-27T04:20:01,218712,0.999,SUP
2020-06-27T04:20:01,224519,1.0,SUP
2020-06-27T04:20:01,247819,1.018,SUP
2020-06-27T04:20:01,665614,1.019,SUP
2020-06-27T04:20:01,1354799,1.019,SUP
2020-06-27T05:20:02,4314,0.949,DIE
2020-06-27T05:20:02,218712,0.949,DIE
2020-06-27T05:20:02,224519,0.952,DIE
2020-06-27T05:20:02,247819,0.969,DIE
2020-06-27T05:20:02,665614,0.969,DIE
2020-06-27T05:20:02,1354799,0.969,DIE
2020-06-27T05:20:02,4314,0.999,SUP
2020-06-27T05:20:02,218712,0.999,SUP
2020-06-27T05:20:02,224519,1.0,SUP
2020-06-27T05:20:02,247819,1.018,SUP
2020-06-27T05:20:02,665614,1.019,SUP
2020-06-27T05:20:02,1354799,1.019,SUP
2020-06-27T06:20:01,4314,0.949,DIE
2020-06-27T06:20:01,218712,0.949,DIE
2020-06-27T06:20:01,224519,0.952,DIE
2020-06-27T06:20:01,1354862,0.957,DIE
2020-06-27T06:20:01,247882,0.964,DIE
2020-06-27T06:20:01,248036,0.964,DIE
2020-06-27T06:20:01,4314,0.999,SUP
2020-06-27T06:20:01,218712,0.999,SUP
2020-06-27T06:20:01,224519,1.0,SUP
2020-06-27T06:20:01,1354862,1.005,SUP
2020-06-27T06:20:01,247882,1.013,SUP
2020-06-27T07:20:01,4314,0.949,DIE
2020-06-27T07:20:01,218712,0.949,DIE
2020-06-27T07:20:01,224519,0.952,DIE
2020-06-27T07:20:01,1354761,0.954,DIE
2020-06-27T07:20:01,118163,0.957,DIE
2020-06-27T07:20:01,743146,0.957,DIE
2020-06-27T07:20:01,1354862,0.957,DIE
2020-06-27T07:20:01,4314,0.999,SUP
2020-06-27T07:20:01,218712,0.999,SUP
2020-06-27T07:20:01,224519,1.0,SUP
2020-06-27T07:20:01,118163,1.005,SUP
2020-06-27T07:20:01,743146,1.005,SUP
2020-06-27T07:20:01,1354862,1.005,SUP
2020-06-27T08:20:01,4314,0.949,DIE
2020-06-27T08:20:01,218712,0.949,DIE
2020-06-27T08:20:01,224519,0.952,DIE
2020-06-27T08:20:01,1354761,0.954,DIE
2020-06-27T08:20:01,118163,0.957,DIE
2020-06-27T08:20:01,743146,0.957,DIE
2020-06-27T08:20:01,1354862,0.957,DIE
2020-06-27T08:20:01,4314,0.999,SUP
2020-06-27T08:20:01,218712,0.999,SUP
2020-06-27T08:20:01,247819,0.999,SUP
2020-06-27T08:20:01,247882,0.999,SUP
2020-06-27T08:20:01,248035,0.999,SUP
2020-06-27T09:20:02,4314,0.949,DIE
2020-06-27T09:20:02,218712,0.949,DIE
2020-06-27T09:20:02,744499,0.949,DIE
2020-06-27T09:20:02,665614,0.951,DIE
2020-06-27T09:20:02,1354799,0.951,DIE
2020-06-27T09:20:02,4314,0.999,SUP
2020-06-27T09:20:02,218712,0.999,SUP
2020-06-27T09:20:02,247819,0.999,SUP
2020-06-27T09:20:02,247882,0.999,SUP
2020-06-27T09:20:02,248035,0.999,SUP
2020-06-27T09:20:02,665614,0.999,SUP
2020-06-27T09:20:02,1354799,0.999,SUP
2020-06-27T10:20:01,4314,0.949,DIE
2020-06-27T10:20:01,218712,0.949,DIE
2020-06-27T10:20:01,744499,0.949,DIE
2020-06-27T10:20:01,224519,0.951,DIE
2020-06-27T10:20:01,665614,0.951,DIE
2020-06-27T10:20:01,1354799,0.951,DIE
2020-06-27T10:20:01,4314,0.999,SUP
2020-06-27T10:20:01,218712,0.999,SUP
2020-06-27T10:20:01,247819,0.999,SUP
2020-06-27T10:20:01,247882,0.999,SUP
2020-06-27T10:20:01,248035,0.999,SUP
2020-06-27T10:20:01,665614,0.999,SUP
2020-06-27T10:20:01,1354799,0.999,SUP
2020-06-27T11:20:02,4314,0.949,DIE
2020-06-27T11:20:02,218712,0.949,DIE
2020-06-27T11:20:02,744499,0.949,DIE
2020-06-27T11:20:02,224519,0.951,DIE
2020-06-27T11:20:02,665614,0.951,DIE
2020-06-27T11:20:02,1354799,0.951,DIE
2020-06-27T11:20:02,218712,0.989,SUP
2020-06-27T11:20:02,33395,0.994,SUP
2020-06-27T11:20:02,4314,0.999,SUP
2020-06-27T11:20:02,247819,0.999,SUP
2020-06-27T11:20:02,247882,0.999,SUP
2020-06-27T11:20:02,248035,0.999,SUP
2020-06-27T11:20:02,665614,0.999,SUP
2020-06-27T11:20:02,1354799,0.999,SUP
2020-06-27T12:20:01,4314,0.949,DIE
2020-06-27T12:20:01,218712,0.949,DIE
2020-06-27T12:20:01,744499,0.949,DIE
2020-06-27T12:20:01,224519,0.951,DIE
2020-06-27T12:20:01,665614,0.951,DIE
2020-06-27T12:20:01,1354799,0.951,DIE
2020-06-27T12:20:01,4314,0.989,SUP
2020-06-27T12:20:01,218712,0.989,SUP
2020-06-27T12:20:01,33395,0.994,SUP
2020-06-27T12:20:01,744499,0.994,SUP
2020-06-27T12:20:01,247819,0.999,SUP
2020-06-27T12:20:01,247882,0.999,SUP
2020-06-27T12:20:01,248035,0.999,SUP
2020-06-27T12:20:01,665614,0.999,SUP
2020-06-27T12:20:01,1354799,0.999,SUP
2020-06-27T13:20:01,4314,0.949,DIE
2020-06-27T13:20:01,218712,0.949,DIE
2020-06-27T13:20:01,744499,0.949,DIE
2020-06-27T13:20:01,224519,0.951,DIE
2020-06-27T13:20:01,665614,0.951,DIE
2020-06-27T13:20:01,1354799,0.951,DIE
2020-06-27T13:20:01,4314,0.989,SUP
2020-06-27T13:20:01,218712,0.989,SUP
2020-06-27T13:20:01,33395,0.994,SUP
2020-06-27T13:20:01,744499,0.994,SUP
2020-06-27T13:20:01,118163,0.999,SUP
2020-06-27T13:20:01,247819,0.999,SUP
2020-06-27T13:20:01,247882,0.999,SUP
2020-06-27T13:20:01,248035,0.999,SUP
2020-06-27T13:20:01,665614,0.999,SUP
2020-06-27T13:20:01,743146,0.999,SUP
2020-06-27T13:20:01,1354799,0.999,SUP
2020-06-27T14:20:02,4314,0.949,DIE
2020-06-27T14:20:02,218712,0.949,DIE
2020-06-27T14:20:02,744499,0.949,DIE
2020-06-27T14:20:02,224519,0.951,DIE
2020-06-27T14:20:02,665614,0.951,DIE
2020-06-27T14:20:02,1354799,0.951,DIE
2020-06-27T14:20:02,4314,0.989,SUP
2020-06-27T14:20:02,218712,0.989,SUP
2020-06-27T14:20:02,33395,0.993,SUP
2020-06-27T14:20:02,224519,0.994,SUP
2020-06-27T14:20:02,744499,0.994,SUP
2020-06-27T15:20:01,4314,0.949,DIE
2020-06-27T15:20:01,218712,0.949,DIE
2020-06-27T15:20:01,744499,0.949,DIE
2020-06-27T15:20:01,665614,0.95,DIE
2020-06-27T15:20:01,1354799,0.95,DIE
2020-06-27T15:20:01,665614,0.988,SUP
2020-06-27T15:20:01,1354799,0.988,SUP
2020-06-27T15:20:01,4314,0.989,SUP
2020-06-27T15:20:01,218712,0.989,SUP
2020-06-27T15:20:01,33395,0.993,SUP
2020-06-27T16:20:04,4314,0.949,DIE
2020-06-27T16:20:04,218712,0.949,DIE
2020-06-27T16:20:04,744499,0.949,DIE
2020-06-27T16:20:04,224519,0.95,DIE
2020-06-27T16:20:04,665614,0.95,DIE
2020-06-27T16:20:04,1354799,0.95,DIE
2020-06-27T16:20:04,665614,0.988,SUP
2020-06-27T16:20:04,1354799,0.988,SUP
2020-06-27T16:20:04,4314,0.989,SUP
2020-06-27T16:20:04,218712,0.989,SUP
2020-06-27T16:20:04,33395,0.993,SUP
2020-06-27T16:20:04,224519,0.993,SUP
2020-06-27T17:20:01,4314,0.949,DIE
2020-06-27T17:20:01,218712,0.949,DIE
2020-06-27T17:20:01,744499,0.949,DIE
2020-06-27T17:20:01,224519,0.95,DIE
2020-06-27T17:20:01,665614,0.95,DIE
2020-06-27T17:20:01,1354799,0.95,DIE
2020-06-27T17:20:01,665614,0.988,SUP
2020-06-27T17:20:01,1354799,0.988,SUP
2020-06-27T17:20:01,4314,0.989,SUP
2020-06-27T17:20:01,218712,0.989,SUP
2020-06-27T17:20:01,33395,0.993,SUP
2020-06-27T17:20:01,224519,0.993,SUP
2020-06-27T18:20:02,665614,0.948,DIE
2020-06-27T18:20:02,1354799,0.948,DIE
2020-06-27T18:20:02,4314,0.949,DIE
2020-06-27T18:20:02,218712,0.949,DIE
2020-06-27T18:20:02,744499,0.949,DIE
2020-06-27T18:20:02,665614,0.987,SUP
2020-06-27T18:20:02,1354799,0.987,SUP
2020-06-27T18:20:02,4314,0.989,SUP
2020-06-27T18:20:02,218712,0.989,SUP
2020-06-27T18:20:02,33395,0.993,SUP
2020-06-27T18:20:02,224519,0.993,SUP
2020-06-27T19:20:01,665614,0.948,DIE
2020-06-27T19:20:01,1354799,0.948,DIE
2020-06-27T19:20:01,4314,0.949,DIE
2020-06-27T19:20:01,218712,0.949,DIE
2020-06-27T19:20:01,744499,0.949,DIE
2020-06-27T19:20:01,665614,0.987,SUP
2020-06-27T19:20:01,1354799,0.987,SUP
2020-06-27T19:20:01,4314,0.989,SUP
2020-06-27T19:20:01,218712,0.989,SUP
2020-06-27T19:20:01,33395,0.993,SUP
2020-06-27T19:20:01,224519,0.993,SUP
2020-06-27T20:20:01,665614,0.948,DIE
2020-06-27T20:20:01,1354799,0.948,DIE
2020-06-27T20:20:01,4314,0.949,DIE
2020-06-27T20:20:01,218712,0.949,DIE
2020-06-27T20:20:01,744499,0.949,DIE
2020-06-27T20:20:01,665614,0.987,SUP
2020-06-27T20:20:01,1354799,0.987,SUP
2020-06-27T20:20:01,4314,0.989,SUP
2020-06-27T20:20:01,218712,0.989,SUP
2020-06-27T20:20:01,33395,0.993,SUP
2020-06-27T20:20:01,224519,0.993,SUP
2020-06-27T21:20:02,665614,0.948,DIE
2020-06-27T21:20:02,1354799,0.948,DIE
2020-06-27T21:20:02,4314,0.949,DIE
2020-06-27T21:20:02,218712,0.949,DIE
2020-06-27T21:20:02,224519,0.95,DIE
2020-06-27T21:20:02,665614,0.987,SUP
2020-06-27T21:20:02,1354799,0.987,SUP
2020-06-27T21:20:02,4314,0.989,SUP
2020-06-27T21:20:02,218712,0.989,SUP
2020-06-27T21:20:02,33395,0.993,SUP
2020-06-27T21:20:02,224519,0.993,SUP
2020-06-27T22:20:01,665614,0.948,DIE
2020-06-27T22:20:01,1354799,0.948,DIE
2020-06-27T22:20:01,4314,0.949,DIE
2020-06-27T22:20:01,218712,0.949,DIE
2020-06-27T22:20:01,224519,0.95,DIE
2020-06-27T22:20:01,665614,0.987,SUP
2020-06-27T22:20:01,1354799,0.987,SUP
2020-06-27T22:20:01,4314,0.989,SUP
2020-06-27T22:20:01,218712,0.989,SUP
2020-06-27T22:20:01,224519,0.993,SUP
2020-06-27T23:20:02,665614,0.948,DIE
2020-06-27T23:20:02,1354799,0.948,DIE
2020-06-27T23:20:02,4314,0.949,DIE
2020-06-27T23:20:02,218712,0.949,DIE
2020-06-27T23:20:02,224519,0.95,DIE
2020-06-27T23:20:02,665614,0.987,SUP
2020-06-27T23:20:02,1354799,0.987,SUP
2020-06-27T23:20:02,4314,0.989,SUP
2020-06-27T23:20:02,218712,0.989,SUP
2020-06-27T23:20:02,224519,0.993,SUP
2020-06-28T00:20:02,665614,0.948,DIE
2020-06-28T00:20:02,1354799,0.948,DIE
2020-06-28T00:20:02,4314,0.949,DIE
2020-06-28T00:20:02,218712,0.949,DIE
2020-06-28T00:20:02,224519,0.95,DIE
2020-06-28T00:20:02,665614,0.987,SUP
2020-06-28T00:20:02,1354799,0.987,SUP
2020-06-28T00:20:02,4314,0.989,SUP
2020-06-28T00:20:02,218712,0.989,SUP
2020-06-28T00:20:02,224519,0.993,SUP
2020-06-28T01:20:02,665614,0.948,DIE
2020-06-28T01:20:02,1354799,0.948,DIE
2020-06-28T01:20:02,4314,0.949,DIE
2020-06-28T01:20:02,218712,0.949,DIE
2020-06-28T01:20:02,224519,0.95,DIE
2020-06-28T01:20:02,665614,0.987,SUP
2020-06-28T01:20:02,1354799,0.987,SUP
2020-06-28T01:20:02,4314,0.989,SUP
2020-06-28T01:20:02,218712,0.989,SUP
2020-06-28T01:20:02,224519,0.993,SUP
2020-06-28T02:20:01,665614,0.948,DIE
2020-06-28T02:20:01,1354799,0.948,DIE
2020-06-28T02:20:01,4314,0.949,DIE
2020-06-28T02:20:01,218712,0.949,DIE
2020-06-28T02:20:01,224519,0.95,DIE
2020-06-28T02:20:01,665614,0.987,SUP
2020-06-28T02:20:01,1354799,0.987,SUP
2020-06-28T02:20:01,4314,0.989,SUP
2020-06-28T02:20:01,218712,0.989,SUP
2020-06-28T02:20:01,224519,0.993,SUP
2020-06-28T03:20:01,665614,0.948,DIE
2020-06-28T03:20:01,1354799,0.948,DIE
2020-06-28T03:20:01,4314,0.949,DIE
2020-06-28T03:20:01,218712,0.949,DIE
2020-06-28T03:20:01,224519,0.95,DIE
2020-06-28T03:20:01,665614,0.987,SUP
2020-06-28T03:20:01,1354799,0.987,SUP
2020-06-28T03:20:01,4314,0.989,SUP
2020-06-28T03:20:01,218712,0.989,SUP
2020-06-28T03:20:01,224519,0.993,SUP
2020-06-28T04:20:03,665614,0.948,DIE
2020-06-28T04:20:03,1354799,0.948,DIE
2020-06-28T04:20:03,4314,0.949,DIE
2020-06-28T04:20:03,218712,0.949,DIE
2020-06-28T04:20:03,224519,0.95,DIE
2020-06-28T04:20:03,665614,0.987,SUP
2020-06-28T04:20:03,1354799,0.987,SUP
2020-06-28T04:20:03,4314,0.989,SUP
2020-06-28T04:20:03,218712,0.989,SUP
2020-06-28T04:20:03,224519,0.993,SUP
2020-06-28T05:20:01,665614,0.948,DIE
2020-06-28T05:20:01,1354799,0.948,DIE
2020-06-28T05:20:01,4314,0.949,DIE
2020-06-28T05:20:01,218712,0.949,DIE
2020-06-28T05:20:01,224519,0.95,DIE
2020-06-28T05:20:01,665614,0.987,SUP
2020-06-28T05:20:01,1354799,0.987,SUP
2020-06-28T05:20:01,4314,0.989,SUP
2020-06-28T05:20:01,218712,0.989,SUP
2020-06-28T05:20:01,224519,0.993,SUP
2020-06-28T06:20:01,665614,0.948,DIE
2020-06-28T06:20:01,1354799,0.948,DIE
2020-06-28T06:20:01,4314,0.949,DIE
2020-06-28T06:20:01,218712,0.949,DIE
2020-06-28T06:20:01,224519,0.95,DIE
2020-06-28T06:20:01,665614,0.987,SUP
2020-06-28T06:20:01,1354799,0.987,SUP
2020-06-28T06:20:01,4314,0.989,SUP
2020-06-28T06:20:01,218712,0.989,SUP
2020-06-28T06:20:01,224519,0.993,SUP
2020-06-28T07:20:02,665614,0.948,DIE
2020-06-28T07:20:02,1354799,0.948,DIE
2020-06-28T07:20:02,4314,0.949,DIE
2020-06-28T07:20:02,218712,0.949,DIE
2020-06-28T07:20:02,744499,0.949,DIE
2020-06-28T07:20:02,665614,0.987,SUP
2020-06-28T07:20:02,1354799,0.987,SUP
2020-06-28T07:20:02,4314,0.989,SUP
2020-06-28T07:20:02,218712,0.989,SUP
2020-06-28T07:20:02,33395,0.993,SUP
2020-06-28T07:20:02,224519,0.993,SUP
2020-06-28T08:20:02,665614,0.948,DIE
2020-06-28T08:20:02,1354799,0.948,DIE
2020-06-28T08:20:02,4314,0.949,DIE
2020-06-28T08:20:02,218712,0.949,DIE
2020-06-28T08:20:02,744499,0.949,DIE
2020-06-28T08:20:02,665614,0.987,SUP
2020-06-28T08:20:02,1354799,0.987,SUP
2020-06-28T08:20:02,4314,0.989,SUP
2020-06-28T08:20:02,218712,0.989,SUP
2020-06-28T08:20:02,33395,0.993,SUP
2020-06-28T08:20:02,224519,0.993,SUP
2020-06-28T09:20:02,665614,0.948,DIE
2020-06-28T09:20:02,1354799,0.948,DIE
2020-06-28T09:20:02,4314,0.949,DIE
2020-06-28T09:20:02,218712,0.949,DIE
2020-06-28T09:20:02,744499,0.949,DIE
2020-06-28T09:20:02,665614,0.986,SUP
2020-06-28T09:20:02,1354799,0.986,SUP
2020-06-28T09:20:02,4314,0.989,SUP
2020-06-28T09:20:02,218712,0.989,SUP
2020-06-28T09:20:02,33395,0.991,SUP
2020-06-28T10:20:02,665614,0.948,DIE
2020-06-28T10:20:02,1354799,0.948,DIE
2020-06-28T10:20:02,4314,0.949,DIE
2020-06-28T10:20:02,218712,0.949,DIE
2020-06-28T10:20:02,744499,0.949,DIE
2020-06-28T10:20:02,1354862,0.949,DIE
2020-06-28T10:20:02,665614,0.986,SUP
2020-06-28T10:20:02,1354799,0.986,SUP
2020-06-28T10:20:02,4314,0.989,SUP
2020-06-28T10:20:02,218712,0.989,SUP
2020-06-28T10:20:02,1354862,0.989,SUP
2020-06-28T11:20:01,224519,0.944,DIE
2020-06-28T11:20:01,744499,0.944,DIE
2020-06-28T11:20:01,1354761,0.944,DIE
2020-06-28T11:20:01,665614,0.948,DIE
2020-06-28T11:20:01,1354799,0.948,DIE
2020-06-28T11:20:01,1354761,0.984,SUP
2020-06-28T11:20:01,665614,0.986,SUP
2020-06-28T11:20:01,1354799,0.986,SUP
2020-06-28T11:20:01,4314,0.989,SUP
2020-06-28T11:20:01,33395,0.989,SUP
2020-06-28T11:20:01,218712,0.989,SUP
2020-06-28T11:20:01,224519,0.989,SUP
2020-06-28T11:20:01,1354862,0.989,SUP
2020-06-28T12:20:01,224519,0.944,DIE
2020-06-28T12:20:01,744499,0.944,DIE
2020-06-28T12:20:01,1354761,0.944,DIE
2020-06-28T12:20:01,665614,0.947,DIE
2020-06-28T12:20:01,1354799,0.947,DIE
2020-06-28T12:20:01,1354761,0.984,SUP
2020-06-28T12:20:01,665614,0.985,SUP
2020-06-28T12:20:01,1354799,0.985,SUP
2020-06-28T12:20:01,4314,0.989,SUP
2020-06-28T12:20:01,33395,0.989,SUP
2020-06-28T12:20:01,218712,0.989,SUP
2020-06-28T12:20:01,224519,0.989,SUP
2020-06-28T12:20:01,1354862,0.989,SUP
2020-06-28T13:20:01,4314,0.944,DIE
2020-06-28T13:20:01,224519,0.944,DIE
2020-06-28T13:20:01,744499,0.944,DIE
2020-06-28T13:20:01,1354761,0.944,DIE
2020-06-28T13:20:01,665614,0.947,DIE
2020-06-28T13:20:01,1354799,0.947,DIE
2020-06-28T13:20:01,1354761,0.984,SUP
2020-06-28T13:20:01,665614,0.985,SUP
2020-06-28T13:20:01,1354799,0.985,SUP
2020-06-28T13:20:01,33395,0.988,SUP
2020-06-28T13:20:01,4314,0.989,SUP
2020-06-28T13:20:01,218712,0.989,SUP
2020-06-28T13:20:01,224519,0.989,SUP
2020-06-28T13:20:01,1354862,0.989,SUP
2020-06-28T14:20:01,4314,0.939,DIE
2020-06-28T14:20:01,218712,0.939,DIE
2020-06-28T14:20:01,224519,0.944,DIE
2020-06-28T14:20:01,744499,0.944,DIE
2020-06-28T14:20:01,1354761,0.944,DIE
2020-06-28T14:20:01,4314,0.979,SUP
2020-06-28T14:20:01,218712,0.979,SUP
2020-06-28T14:20:01,1354761,0.984,SUP
2020-06-28T14:20:01,665614,0.985,SUP
2020-06-28T14:20:01,1354799,0.985,SUP
2020-06-28T15:20:02,4314,0.939,DIE
2020-06-28T15:20:02,218712,0.939,DIE
2020-06-28T15:20:02,744499,0.939,DIE
2020-06-28T15:20:02,224519,0.944,DIE
2020-06-28T15:20:02,1354761,0.944,DIE
2020-06-28T15:20:02,4314,0.979,SUP
2020-06-28T15:20:02,218712,0.979,SUP
2020-06-28T15:20:02,1354761,0.984,SUP
2020-06-28T15:20:02,665614,0.985,SUP
2020-06-28T15:20:02,1354799,0.985,SUP
2020-06-28T16:20:01,4314,0.939,DIE
2020-06-28T16:20:01,218712,0.939,DIE
2020-06-28T16:20:01,744499,0.939,DIE
2020-06-28T16:20:01,224519,0.943,DIE
2020-06-28T16:20:01,1354761,0.944,DIE
2020-06-28T16:20:01,4314,0.979,SUP
2020-06-28T16:20:01,218712,0.979,SUP
2020-06-28T16:20:01,1354761,0.984,SUP
2020-06-28T16:20:01,665614,0.985,SUP
2020-06-28T16:20:01,1354799,0.985,SUP
2020-06-28T17:20:02,4314,0.939,DIE
2020-06-28T17:20:02,218712,0.939,DIE
2020-06-28T17:20:02,744499,0.939,DIE
2020-06-28T17:20:02,224519,0.943,DIE
2020-06-28T17:20:02,1354761,0.944,DIE
2020-06-28T17:20:02,4314,0.979,SUP
2020-06-28T17:20:02,218712,0.979,SUP
2020-06-28T17:20:02,1354761,0.984,SUP
2020-06-28T17:20:02,665614,0.985,SUP
2020-06-28T17:20:02,1354799,0.985,SUP
2020-06-28T18:20:02,4314,0.939,DIE
2020-06-28T18:20:02,218712,0.939,DIE
2020-06-28T18:20:02,744499,0.939,DIE
2020-06-28T18:20:02,224519,0.943,DIE
2020-06-28T18:20:02,1354761,0.944,DIE
2020-06-28T18:20:02,4314,0.979,SUP
2020-06-28T18:20:02,218712,0.979,SUP
2020-06-28T18:20:02,1354761,0.984,SUP
2020-06-28T18:20:02,665614,0.985,SUP
2020-06-28T18:20:02,1354799,0.985,SUP
2020-06-28T19:20:01,4314,0.939,DIE
2020-06-28T19:20:01,218712,0.939,DIE
2020-06-28T19:20:01,744499,0.939,DIE
2020-06-28T19:20:01,224519,0.943,DIE
2020-06-28T19:20:01,1354761,0.944,DIE
2020-06-28T19:20:01,4314,0.979,SUP
2020-06-28T19:20:01,218712,0.979,SUP
2020-06-28T19:20:01,1354761,0.984,SUP
2020-06-28T19:20:01,665614,0.985,SUP
2020-06-28T19:20:01,1354799,0.985,SUP
2020-06-28T20:20:01,4314,0.939,DIE
2020-06-28T20:20:01,218712,0.939,DIE
2020-06-28T20:20:01,744499,0.939,DIE
2020-06-28T20:20:01,224519,0.943,DIE
2020-06-28T20:20:01,1354761,0.944,DIE
2020-06-28T20:20:01,4314,0.979,SUP
2020-06-28T20:20:01,218712,0.979,SUP
2020-06-28T20:20:01,1354761,0.984,SUP
2020-06-28T20:20:01,665614,0.985,SUP
2020-06-28T20:20:01,1354799,0.985,SUP
2020-06-28T21:20:02,4314,0.939,DIE
2020-06-28T21:20:02,218712,0.939,DIE
2020-06-28T21:20:02,224519,0.943,DIE
2020-06-28T21:20:02,1354761,0.944,DIE
2020-06-28T21:20:02,665614,0.947,DIE
2020-06-28T21:20:02,1354799,0.947,DIE
2020-06-28T21:20:02,4314,0.979,SUP
2020-06-28T21:20:02,218712,0.979,SUP
2020-06-28T21:20:02,1354761,0.984,SUP
2020-06-28T21:20:02,665614,0.985,SUP
2020-06-28T21:20:02,1354799,0.985,SUP
2020-06-28T22:20:01,4314,0.939,DIE
2020-06-28T22:20:01,218712,0.939,DIE
2020-06-28T22:20:01,224519,0.943,DIE
2020-06-28T22:20:01,665614,0.943,DIE
2020-06-28T22:20:01,1354799,0.943,DIE
2020-06-28T22:20:01,4314,0.979,SUP
2020-06-28T22:20:01,218712,0.979,SUP
2020-06-28T22:20:01,665614,0.982,SUP
2020-06-28T22:20:01,1354799,0.982,SUP
2020-06-28T22:20:01,1354761,0.984,SUP
2020-06-28T23:20:02,4314,0.939,DIE
2020-06-28T23:20:02,218712,0.939,DIE
2020-06-28T23:20:02,224519,0.943,DIE
2020-06-28T23:20:02,665614,0.943,DIE
2020-06-28T23:20:02,1354799,0.943,DIE
2020-06-28T23:20:02,4314,0.979,SUP
2020-06-28T23:20:02,218712,0.979,SUP
2020-06-28T23:20:02,665614,0.982,SUP
2020-06-28T23:20:02,1354799,0.982,SUP
2020-06-28T23:20:02,1354761,0.984,SUP
2020-06-29T00:20:02,4314,0.939,DIE
2020-06-29T00:20:02,218712,0.939,DIE
2020-06-29T00:20:02,224519,0.943,DIE
2020-06-29T00:20:02,665614,0.943,DIE
2020-06-29T00:20:02,1354799,0.943,DIE
2020-06-29T00:20:02,4314,0.979,SUP
2020-06-29T00:20:02,218712,0.979,SUP
2020-06-29T00:20:02,665614,0.982,SUP
2020-06-29T00:20:02,1354799,0.982,SUP
2020-06-29T00:20:02,1354761,0.984,SUP
2020-06-29T01:20:01,4314,0.939,DIE
2020-06-29T01:20:01,218712,0.939,DIE
2020-06-29T01:20:01,224519,0.943,DIE
2020-06-29T01:20:01,665614,0.943,DIE
2020-06-29T01:20:01,1354799,0.943,DIE
2020-06-29T01:20:01,4314,0.979,SUP
2020-06-29T01:20:01,218712,0.979,SUP
2020-06-29T01:20:01,665614,0.982,SUP
2020-06-29T01:20:01,1354799,0.982,SUP
2020-06-29T01:20:01,1354761,0.984,SUP
2020-06-29T02:20:02,4314,0.939,DIE
2020-06-29T02:20:02,218712,0.939,DIE
2020-06-29T02:20:02,224519,0.943,DIE
2020-06-29T02:20:02,665614,0.943,DIE
2020-06-29T02:20:02,1354799,0.943,DIE
2020-06-29T02:20:02,4314,0.979,SUP
2020-06-29T02:20:02,218712,0.979,SUP
2020-06-29T02:20:02,665614,0.982,SUP
2020-06-29T02:20:02,1354799,0.982,SUP
2020-06-29T02:20:02,1354761,0.984,SUP
2020-06-29T03:20:02,4314,0.939,DIE
2020-06-29T03:20:02,218712,0.939,DIE
2020-06-29T03:20:02,224519,0.943,DIE
2020-06-29T03:20:02,665614,0.943,DIE
2020-06-29T03:20:02,1354799,0.943,DIE
2020-06-29T03:20:02,4314,0.979,SUP
2020-06-29T03:20:02,218712,0.979,SUP
2020-06-29T03:20:02,665614,0.982,SUP
2020-06-29T03:20:02,1354799,0.982,SUP
2020-06-29T03:20:02,1354761,0.984,SUP
2020-06-29T04:20:01,4314,0.939,DIE
2020-06-29T04:20:01,218712,0.939,DIE
2020-06-29T04:20:01,224519,0.943,DIE
2020-06-29T04:20:01,665614,0.943,DIE
2020-06-29T04:20:01,1354799,0.943,DIE
2020-06-29T04:20:01,4314,0.979,SUP
2020-06-29T04:20:01,218712,0.979,SUP
2020-06-29T04:20:01,665614,0.982,SUP
2020-06-29T04:20:01,1354799,0.982,SUP
2020-06-29T04:20:01,1354761,0.984,SUP
2020-06-29T05:20:02,4314,0.939,DIE
2020-06-29T05:20:02,218712,0.939,DIE
2020-06-29T05:20:02,224519,0.943,DIE
2020-06-29T05:20:02,665614,0.943,DIE
2020-06-29T05:20:02,1354799,0.943,DIE
2020-06-29T05:20:02,4314,0.979,SUP
2020-06-29T05:20:02,218712,0.979,SUP
2020-06-29T05:20:02,665614,0.982,SUP
2020-06-29T05:20:02,1354799,0.982,SUP
2020-06-29T05:20:02,1354761,0.984,SUP
2020-06-29T06:20:02,4314,0.939,DIE
2020-06-29T06:20:02,218712,0.939,DIE
2020-06-29T06:20:02,224519,0.943,DIE
2020-06-29T06:20:02,665614,0.943,DIE
2020-06-29T06:20:02,1354799,0.943,DIE
2020-06-29T06:20:02,4314,0.979,SUP
2020-06-29T06:20:02,218712,0.979,SUP
2020-06-29T06:20:02,665614,0.982,SUP
2020-06-29T06:20:02,1354799,0.982,SUP
2020-06-29T06:20:02,33395,0.984,SUP
2020-06-29T06:20:02,1354761,0.984,SUP
2020-06-29T07:20:01,4314,0.939,DIE
2020-06-29T07:20:01,218712,0.939,DIE
2020-06-29T07:20:01,744499,0.939,DIE
2020-06-29T07:20:01,665614,0.942,DIE
2020-06-29T07:20:01,1354799,0.942,DIE
2020-06-29T07:20:01,4314,0.979,SUP
2020-06-29T07:20:01,218712,0.979,SUP
2020-06-29T07:20:01,665614,0.981,SUP
2020-06-29T07:20:01,1354799,0.981,SUP
2020-06-29T07:20:01,33395,0.984,SUP
2020-06-29T07:20:01,1354761,0.984,SUP
2020-06-29T08:20:01,4314,0.939,DIE
2020-06-29T08:20:01,218712,0.939,DIE
2020-06-29T08:20:01,744499,0.939,DIE
2020-06-29T08:20:01,224519,0.942,DIE
2020-06-29T08:20:01,665614,0.942,DIE
2020-06-29T08:20:01,1354799,0.942,DIE
2020-06-29T08:20:01,4314,0.979,SUP
2020-06-29T08:20:01,218712,0.979,SUP
2020-06-29T08:20:01,665614,0.981,SUP
2020-06-29T08:20:01,1354799,0.981,SUP
2020-06-29T08:20:01,33395,0.984,SUP
2020-06-29T08:20:01,1354761,0.984,SUP
2020-06-29T09:20:01,4314,0.939,DIE
2020-06-29T09:20:01,218712,0.939,DIE
2020-06-29T09:20:01,744499,0.939,DIE
2020-06-29T09:20:01,665614,0.94,DIE
2020-06-29T09:20:01,1354799,0.94,DIE
2020-06-29T09:20:01,665614,0.978,SUP
2020-06-29T09:20:01,1354799,0.978,SUP
2020-06-29T09:20:01,4314,0.979,SUP
2020-06-29T09:20:01,218712,0.979,SUP
2020-06-29T09:20:01,33395,0.983,SUP
2020-06-29T10:20:01,4314,0.939,DIE
2020-06-29T10:20:01,218712,0.939,DIE
2020-06-29T10:20:01,744499,0.939,DIE
2020-06-29T10:20:01,665614,0.94,DIE
2020-06-29T10:20:01,1354799,0.94,DIE
2020-06-29T10:20:01,665614,0.978,SUP
2020-06-29T10:20:01,1354799,0.978,SUP
2020-06-29T10:20:01,4314,0.979,SUP
2020-06-29T10:20:01,218712,0.979,SUP
2020-06-29T10:20:01,33395,0.983,SUP
2020-06-29T11:20:01,4314,0.939,DIE
2020-06-29T11:20:01,218712,0.939,DIE
2020-06-29T11:20:01,744499,0.939,DIE
2020-06-29T11:20:01,665614,0.94,DIE
2020-06-29T11:20:01,1354799,0.94,DIE
2020-06-29T11:20:01,665614,0.978,SUP
2020-06-29T11:20:01,1354799,0.978,SUP
2020-06-29T11:20:01,4314,0.979,SUP
2020-06-29T11:20:01,218712,0.979,SUP
2020-06-29T11:20:01,33395,0.983,SUP
2020-06-29T12:20:01,218712,0.949,DIE
2020-06-29T12:20:01,6353,0.979,DIE
2020-06-29T12:20:01,1354862,0.979,DIE
2020-06-29T12:20:01,7812,0.986,DIE
2020-06-29T12:20:01,4314,0.989,DIE
2020-06-29T12:20:01,5108,0.989,DIE
2020-06-29T12:20:01,7564,0.989,DIE
2020-06-29T12:20:01,1354773,0.989,DIE
2020-06-29T12:20:01,1354921,0.989,DIE
2020-06-29T12:20:01,218712,0.989,SUP
2020-06-29T12:20:01,7812,1.028,SUP
2020-06-29T12:20:01,4314,1.029,SUP
2020-06-29T12:20:01,1354773,1.029,SUP
2020-06-29T12:20:01,1354862,1.029,SUP
2020-06-29T12:20:01,1354921,1.029,SUP
2020-06-29T13:20:03,4314,0.949,DIE
2020-06-29T13:20:03,218712,0.949,DIE
2020-06-29T13:20:03,224519,0.974,DIE
2020-06-29T13:20:03,665614,0.974,DIE
2020-06-29T13:20:03,1354799,0.974,DIE
2020-06-29T13:20:03,4314,0.989,SUP
2020-06-29T13:20:03,218712,0.989,SUP
2020-06-29T13:20:03,224519,1.024,SUP
2020-06-29T13:20:03,665614,1.024,SUP
2020-06-29T13:20:03,1354761,1.024,SUP
2020-06-29T13:20:03,1354799,1.024,SUP
2020-06-29T14:20:01,4314,0.949,DIE
2020-06-29T14:20:01,218712,0.949,DIE
2020-06-29T14:20:01,1354862,0.959,DIE
2020-06-29T14:20:01,33395,0.974,DIE
2020-06-29T14:20:01,224519,0.974,DIE
2020-06-29T14:20:01,665614,0.974,DIE
2020-06-29T14:20:01,1354799,0.974,DIE
2020-06-29T14:20:01,4314,0.989,SUP
2020-06-29T14:20:01,218712,0.989,SUP
2020-06-29T14:20:01,1354862,0.999,SUP
2020-06-29T14:20:01,224519,1.024,SUP
2020-06-29T14:20:01,665614,1.024,SUP
2020-06-29T14:20:01,1354761,1.024,SUP
2020-06-29T14:20:01,1354799,1.024,SUP
2020-06-29T15:20:02,4314,0.949,DIE
2020-06-29T15:20:02,218712,0.949,DIE
2020-06-29T15:20:02,224519,0.954,DIE
2020-06-29T15:20:02,1354862,0.959,DIE
2020-06-29T15:20:02,448795,0.969,DIE
2020-06-29T15:20:02,4314,0.989,SUP
2020-06-29T15:20:02,218712,0.989,SUP
2020-06-29T15:20:02,224519,0.994,SUP
2020-06-29T15:20:02,1354862,0.999,SUP
2020-06-29T15:20:02,448795,1.009,SUP
2020-06-29T16:20:01,4314,0.949,DIE
2020-06-29T16:20:01,218712,0.949,DIE
2020-06-29T16:20:01,224519,0.954,DIE
2020-06-29T16:20:01,1354862,0.959,DIE
2020-06-29T16:20:01,33426,0.969,DIE
2020-06-29T16:20:01,448795,0.969,DIE
2020-06-29T16:20:01,665614,0.969,DIE
2020-06-29T16:20:01,1354799,0.969,DIE
2020-06-29T16:20:01,4314,0.989,SUP
2020-06-29T16:20:01,218712,0.989,SUP
2020-06-29T16:20:01,224519,0.994,SUP
2020-06-29T16:20:01,1354862,0.999,SUP
2020-06-29T16:20:01,448795,1.009,SUP
2020-06-29T16:20:01,665614,1.009,SUP
2020-06-29T16:20:01,1354799,1.009,SUP
2020-06-29T17:20:01,4314,0.949,DIE
2020-06-29T17:20:01,218712,0.949,DIE
2020-06-29T17:20:01,224519,0.954,DIE
2020-06-29T17:20:01,118163,0.959,DIE
2020-06-29T17:20:01,743146,0.959,DIE
2020-06-29T17:20:01,744499,0.959,DIE
2020-06-29T17:20:01,1354862,0.959,DIE
2020-06-29T17:20:01,4314,0.989,SUP
2020-06-29T17:20:01,218712,0.989,SUP
2020-06-29T17:20:01,224519,0.994,SUP
2020-06-29T17:20:01,1354761,0.994,SUP
2020-06-29T17:20:01,1354862,0.994,SUP
2020-06-29T18:20:02,4314,0.949,DIE
2020-06-29T18:20:02,6353,0.949,DIE
2020-06-29T18:20:02,218712,0.949,DIE
2020-06-29T18:20:02,224519,0.954,DIE
2020-06-29T18:20:02,1354862,0.958,DIE
2020-06-29T18:20:02,4314,0.989,SUP
2020-06-29T18:20:02,218712,0.989,SUP
2020-06-29T18:20:02,224519,0.989,SUP
2020-06-29T18:20:02,1354761,0.994,SUP
2020-06-29T18:20:02,1354862,0.994,SUP
2020-06-29T19:20:02,4314,0.949,DIE
2020-06-29T19:20:02,6353,0.949,DIE
2020-06-29T19:20:02,218712,0.949,DIE
2020-06-29T19:20:02,744499,0.949,DIE
2020-06-29T19:20:02,224519,0.953,DIE
2020-06-29T19:20:02,4314,0.989,SUP
2020-06-29T19:20:02,218712,0.989,SUP
2020-06-29T19:20:02,224519,0.989,SUP
2020-06-29T19:20:02,744499,0.989,SUP
2020-06-29T19:20:02,1354761,0.994,SUP
2020-06-29T19:20:02,1354862,0.994,SUP
2020-06-29T20:20:02,4314,0.949,DIE
2020-06-29T20:20:02,6353,0.949,DIE
2020-06-29T20:20:02,218712,0.949,DIE
2020-06-29T20:20:02,744499,0.949,DIE
2020-06-29T20:20:02,224519,0.953,DIE
2020-06-29T20:20:02,4314,0.989,SUP
2020-06-29T20:20:02,218712,0.989,SUP
2020-06-29T20:20:02,224519,0.989,SUP
2020-06-29T20:20:02,744499,0.989,SUP
2020-06-29T20:20:02,1354761,0.994,SUP
2020-06-29T20:20:02,1354862,0.994,SUP
2020-06-29T21:20:01,4314,0.949,DIE
2020-06-29T21:20:01,6353,0.949,DIE
2020-06-29T21:20:01,218712,0.949,DIE
2020-06-29T21:20:01,224519,0.953,DIE
2020-06-29T21:20:01,33395,0.958,DIE
2020-06-29T21:20:01,1354862,0.958,DIE
2020-06-29T21:20:01,4314,0.989,SUP
2020-06-29T21:20:01,218712,0.989,SUP
2020-06-29T21:20:01,224519,0.989,SUP
2020-06-29T21:20:01,1354761,0.994,SUP
2020-06-29T21:20:01,1354862,0.994,SUP
2020-06-29T22:20:01,4314,0.949,DIE
2020-06-29T22:20:01,6353,0.949,DIE
2020-06-29T22:20:01,218712,0.949,DIE
2020-06-29T22:20:01,224519,0.953,DIE
2020-06-29T22:20:01,1354761,0.954,DIE
2020-06-29T22:20:01,4314,0.989,SUP
2020-06-29T22:20:01,218712,0.989,SUP
2020-06-29T22:20:01,224519,0.989,SUP
2020-06-29T22:20:01,1354761,0.989,SUP
2020-06-29T22:20:01,247819,0.999,SUP
2020-06-29T23:20:02,4314,0.949,DIE
2020-06-29T23:20:02,6353,0.949,DIE
2020-06-29T23:20:02,218712,0.949,DIE
2020-06-29T23:20:02,224519,0.953,DIE
2020-06-29T23:20:02,1354761,0.954,DIE
2020-06-29T23:20:02,4314,0.989,SUP
2020-06-29T23:20:02,218712,0.989,SUP
2020-06-29T23:20:02,224519,0.989,SUP
2020-06-29T23:20:02,1354761,0.989,SUP
2020-06-29T23:20:02,247819,0.999,SUP
2020-06-30T00:20:02,4314,0.949,DIE
2020-06-30T00:20:02,6353,0.949,DIE
2020-06-30T00:20:02,218712,0.949,DIE
2020-06-30T00:20:02,224519,0.953,DIE
2020-06-30T00:20:02,1354761,0.954,DIE
2020-06-30T00:20:02,4314,0.989,SUP
2020-06-30T00:20:02,218712,0.989,SUP
2020-06-30T00:20:02,224519,0.989,SUP
2020-06-30T00:20:02,1354761,0.989,SUP
2020-06-30T00:20:02,247819,0.999,SUP
